{"cameraMode":{"drawMode":0,"name":"Shaded","section":"Shading Mode"},"sceneLighting":true,"audioPlay":false,"sceneViewState":{"m_AlwaysRefresh":false,"showFog":true,"showSkybox":true,"showFlares":true,"showImageEffects":true,"showParticleSystems":true,"showVisualEffectGraphs":true,"m_FxEnabled":true},"in2DMode":false,"pivot":{"x":-0.5043131113052368,"y":0.5977200865745544,"z":-0.43684375286102297},"rotation":{"x":0.23703917860984803,"y":-0.28352195024490359,"z":0.07254147529602051,"w":0.9263823628425598},"size":0.505626916885376,"orthographic":false}